{
    "cities": [
      "Delhi",
      "Mumbai",
      "Kolkata",
      "Bengaluru",
      "Chennai",
      "Hyderabad",
      "Ahmedabad",
      "Pune",
      "Jaipur",
      "Surat",
      "Lucknow",
      "Kanpur",
      "Nagpur",
      "Indore",
      "Patna",
      "Vadodara",
      "Agra",
      "Bhopal",
      "Chandigarh",
      "Coimbatore",
      "Madurai",
      "Visakhapatnam",
      "Vijayawada",
      "Guwahati",
      "Bhubaneswar",
      "Chandrapur",
      "Nashik",
      "Aurangabad",
      "Mysuru",
      "Jodhpur",
      "Gurugram",
      "Faridabad",
      "Vasco da Gama",
      "Rajkot",
      "Kochi",
      "Kozhikode",
      "Ranchi",
      "Jamshedpur",
      "Dehradun",
      "Noida",
      "Dhanbad",
      "Bhubaneshwar",
      "Udaipur",
      "Bikaner",
      "Solapur",
      "Tirunelveli",
      "Mangalore",
      "Durgapur",
      "Jabalpur",
      "Tirupur",
      "Moradabad",
      "Amritsar",
      "Ludhiana",
      "Patiala",
      "Thiruvananthapuram",
      "Kottayam",
      "Nellore",
      "Jammu",
      "Puducherry",
      "Shimla",
      "Manali",
      "Gaya",
      "Bhagalpur",
      "Itanagar",
      "Visakhapatnam",
      "Vijayawada",
      "Guntur",
      "Kurnool",
      "Nellore",
      "Raipur",
      "Bhilai",
      "Bilaspur",
      "Korba",
      "Durg",
      "Surat",
      "Vadodara",
      "Rajkot",
      "Gandhinagar",
      "Patiala",
      "Ambala",
      "Rohtak",
      "Shimla",
      "Kullu",
      "Dharamshala",
      "Solan",
      "Shillong",
      "Tura",
      "Jowai",
      "Aizawl",
      "Lunglei",
      "Kohima",
      "Dimapur",
      "Agartala",
      "Imphal",
      "Thoubal",
      "Churachandpur",
      "Silchar",
      "Nagaon",
      "Bhubaneswar",
      "Guwahati",
      "Surat",
      "Patna",
      "Jabalpur",
      "Indore",
      "Ranchi",
      "Bhopal",
      "Chandigarh",
      "Raipur",
      "Gwalior",
      "Ujjain",
      "Faridabad",
      "Kolkata",
      "Siliguri",
      "Tirupur",
      "Kochi",
      "Mysore",
      "Agra",
      "Jammu",
      "Chandrapur",
      "Kolhapur",
      "Amravati",
      "Ratnagiri",
      "Solapur",
      "Bhubaneshwar",
      "Dibrugarh",
      "Gaya",
      "Munger",
      "Mysuru",
      "Dibrugarh",
      "Silchar",
      "Kochi",
      "Bikaner",
      "Aligarh",
      "Bareilly",
      "Karnal",
      "Kurukshetra",
      "Panipat",
      "Srinagar",
      "Udhampur",
      "Baramulla",
      "Pondicherry",
      "Gangtok",
      "Tirupati",
      "Kolkata",
      "Kochi",
      "Shimla",
      "Mysore",
      "Bhubaneswar",
      "Nashik",
      "Bhubaneshwar",
      "Jaipur",
      "Agra",
      "Gwalior",
      "Dibrugarh",
      "Rishikesh",
      "Tirupur",
      "Moradabad",
      "Thane",
      "Vadodara",
      "Gurugram",
      "Panaji",
      "Alappuzha",
      "Rajahmundry",
      "Navi Mumbai",
      "Bhubaneswar",
      "Jammu",
      "Durgapur",
      "Jamshedpur",
      "Tirupati",
      "Kochi",
      "Nagapattinam",
      "Kolkata",
      "Meerut",
      "Kozhikode",
      "Thiruvananthapuram",
      "Noida",
      "Moradabad",
      "Kochi",
      "Agra",
      "Vijayawada",
      "Udaipur",
      "Nagpur",
      "Mysuru",
      "Chennai",
      "Vellore",
      "Siliguri",
      "Belgaum",
      "Visakhapatnam",
      "Vadodara",
      "Rohtak",
      "Haldia",
      "Kochi",
      "Kanchipuram",
      "Tirunelveli"
    ]
  }
  